123,456789,35246
123,456789,2345
123,456789,34123
123,456789,567867
222,2,99999
123,456789,7841
123,456789,5325
123,456789,5325
123,456789,5325
123,456789,541
123,456789,541
123,456789,541
123,456789,7844
123,456789,7844
123,456789,7576
123,456789,7576
123,456789,123677
123,456789,123677
123,456789,88
123,456789,432344
123,456789,56734523
123,456789,7856523
123,456789,8923747
123,456789,3456
123,456789,34532
123,456789,456
123,456789,123445523
123,456789,123456789
123,456789,345
123,456789,2992,abv264,541
774,asdfgh,34575
124,445895,141
988,854654,534548
487,ud24da,787754
123,456789,5454
123,45678,48957
123,45678,422315
123,45788,2135
123,45687,54215
123,46789,254
564,87788,5
132,46587,1354
123,45678,545
123,54689,754656
232,08250,34556
